Order Number,PSA Sub#,cert,Grade,Description,card
PS-1234,11265646,72357888,MNT 9,1991 Hoops Superstar 66 Mark Jackon,
PS-1235,11265646,72357888,MNT 10,1992 Hoops Superstar 66 Mark Jackon,
PS-1236,11265646,72357888,MNT 11,1993 Hoops Superstar 66 Mark Jackon,
PS-1237,11265646,72357888,MNT 12,1994 Hoops Superstar 66 Mark Jackon,
PS-1238,11265646,72357888,MNT 13,1995 Hoops Superstar 66 Mark Jackon,
PS-1239,11265646,72357888,MNT 14,1996 Hoops Superstar 66 Mark Jackon,
PS-1240,11265646,72357888,MNT 15,1997 Hoops Superstar 66 Mark Jackon,
PS-1241,11265646,72357888,MNT 16,1998 Hoops Superstar 66 Mark Jackon,
PS-1242,11265646,72357888,MNT 17,1999 Hoops Superstar 66 Mark Jackon,
PS-1243,11265646,72357888,MNT 18,2000 Hoops Superstar 66 Mark Jackon,
PS-1244,11265646,72357888,MNT 19,2001 Hoops Superstar 66 Mark Jackon,
PS-1245,11265646,72357888,MNT 20,2002 Hoops Superstar 66 Mark Jackon,
PS-1246,11265646,72357888,MNT 21,2003 Hoops Superstar 66 Mark Jackon,
PS-1247,11265646,72357888,MNT 22,2004 Hoops Superstar 66 Mark Jackon,
PS-1248,11265646,72357888,MNT 23,2005 Hoops Superstar 66 Mark Jackon,
PS-1249,11265646,72357888,MNT 24,2006 Hoops Superstar 66 Mark Jackon,
PS-1250,11265646,72357888,MNT 25,2007 Hoops Superstar 66 Mark Jackon,
PS-1251,11265646,72357888,MNT 26,2008 Hoops Superstar 66 Mark Jackon,
PS-1252,11265646,72357888,MNT 27,2009 Hoops Superstar 66 Mark Jackon,
PS-1253,11265646,72357888,MNT 28,2010 Hoops Superstar 66 Mark Jackon,
PS-1254,11265646,72357888,MNT 29,2011 Hoops Superstar 66 Mark Jackon,
PS-1255,11265646,72357888,MNT 30,2012 Hoops Superstar 66 Mark Jackon,
PS-1256,11265646,72357888,MNT 31,2013 Hoops Superstar 66 Mark Jackon,
PS-1257,11265646,72357888,MNT 32,2014 Hoops Superstar 66 Mark Jackon,
PS-1258,11265646,72357888,MNT 33,2015 Hoops Superstar 66 Mark Jackon,
PS-1259,11265646,72357888,MNT 34,2016 Hoops Superstar 66 Mark Jackon,
PS-1260,11265646,72357888,MNT 35,2017 Hoops Superstar 66 Mark Jackon,
PS-1261,11265646,72357888,MNT 36,2018 Hoops Superstar 66 Mark Jackon,
PS-1262,11265646,72357888,MNT 37,2019 Hoops Superstar 66 Mark Jackon,
PS-1263,11265646,72357888,MNT 38,2020 Hoops Superstar 66 Mark Jackon,
PS-1264,11265646,72357888,MNT 39,2021 Hoops Superstar 66 Mark Jackon,
PS-1265,11265646,72357888,MNT 40,2022 Hoops Superstar 66 Mark Jackon,
PS-1266,11265646,72357888,MNT 41,2023 Hoops Superstar 66 Mark Jackon,
PS-1267,11265646,72357888,MNT 42,2024 Hoops Superstar 66 Mark Jackon,
PS-1268,11265646,72357888,MNT 43,2025 Hoops Superstar 66 Mark Jackon,
PS-1269,11265646,72357888,MNT 44,2026 Hoops Superstar 66 Mark Jackon,
PS-1270,11265646,72357888,MNT 45,2027 Hoops Superstar 66 Mark Jackon,
PS-1271,11265646,72357888,MNT 46,2028 Hoops Superstar 66 Mark Jackon,
PS-1272,11265646,72357888,MNT 47,2029 Hoops Superstar 66 Mark Jackon,
PS-1273,11265646,72357888,MNT 48,2030 Hoops Superstar 66 Mark Jackon,
PS-1274,11265646,72357888,MNT 49,2031 Hoops Superstar 66 Mark Jackon,
PS-1275,11265646,72357888,MNT 50,2032 Hoops Superstar 66 Mark Jackon,
PS-1276,11265646,72357888,MNT 51,2033 Hoops Superstar 66 Mark Jackon,
PS-1277,11265646,72357888,MNT 52,2034 Hoops Superstar 66 Mark Jackon,
PS-1278,11265646,72357888,MNT 53,2035 Hoops Superstar 66 Mark Jackon,
PS-1279,11265646,72357888,MNT 54,2036 Hoops Superstar 66 Mark Jackon,
PS-1280,11265646,72357888,MNT 55,2037 Hoops Superstar 66 Mark Jackon,
PS-1281,11265646,72357888,MNT 56,2038 Hoops Superstar 66 Mark Jackon,
PS-1282,11265646,72357888,MNT 57,2039 Hoops Superstar 66 Mark Jackon,
PS-1283,11265646,72357888,MNT 58,2040 Hoops Superstar 66 Mark Jackon,
PS-1284,11265646,72357888,MNT 59,2041 Hoops Superstar 66 Mark Jackon,
PS-1285,11265646,72357888,MNT 60,2042 Hoops Superstar 66 Mark Jackon,
PS-1286,11265646,72357888,MNT 61,2043 Hoops Superstar 66 Mark Jackon,
PS-1287,11265646,72357888,MNT 62,2044 Hoops Superstar 66 Mark Jackon,
PS-1288,11265646,72357888,MNT 63,2045 Hoops Superstar 66 Mark Jackon,
PS-1289,11265646,72357888,MNT 64,2046 Hoops Superstar 66 Mark Jackon,
PS-1290,11265646,72357888,MNT 65,2047 Hoops Superstar 66 Mark Jackon,
PS-1291,11265646,72357888,MNT 66,2048 Hoops Superstar 66 Mark Jackon,
PS-1292,11265646,72357888,MNT 67,2049 Hoops Superstar 66 Mark Jackon,
PS-1293,11265646,72357888,MNT 68,2050 Hoops Superstar 66 Mark Jackon,
PS-1294,11265646,72357888,MNT 69,2051 Hoops Superstar 66 Mark Jackon,
PS-1295,11265646,72357888,MNT 70,2052 Hoops Superstar 66 Mark Jackon,
PS-1296,11265646,72357888,MNT 71,2053 Hoops Superstar 66 Mark Jackon,
PS-1297,11265646,72357888,MNT 72,2054 Hoops Superstar 66 Mark Jackon,
PS-1298,11265646,72357888,MNT 73,2055 Hoops Superstar 66 Mark Jackon,
PS-1299,11265646,72357888,MNT 74,2056 Hoops Superstar 66 Mark Jackon,
PS-1300,11265646,72357888,MNT 75,2057 Hoops Superstar 66 Mark Jackon,
PS-1301,11265646,72357888,MNT 76,2058 Hoops Superstar 66 Mark Jackon,
PS-1302,11265646,72357888,MNT 77,2059 Hoops Superstar 66 Mark Jackon,
PS-1303,11265646,72357888,MNT 78,2060 Hoops Superstar 66 Mark Jackon,
PS-1304,11265646,72357888,MNT 79,2061 Hoops Superstar 66 Mark Jackon,
PS-1305,11265646,72357888,MNT 80,2062 Hoops Superstar 66 Mark Jackon,
PS-1306,11265646,72357888,MNT 81,2063 Hoops Superstar 66 Mark Jackon,
PS-1307,11265646,72357888,MNT 82,2064 Hoops Superstar 66 Mark Jackon,
PS-1308,11265646,72357888,MNT 83,2065 Hoops Superstar 66 Mark Jackon,
PS-1309,11265646,72357888,MNT 84,2066 Hoops Superstar 66 Mark Jackon,
PS-1310,11265646,72357888,MNT 85,2067 Hoops Superstar 66 Mark Jackon,
PS-1311,11265646,72357888,MNT 86,2068 Hoops Superstar 66 Mark Jackon,
PS-1312,11265646,72357888,MNT 87,2069 Hoops Superstar 66 Mark Jackon,
PS-1313,11265646,72357888,MNT 88,2070 Hoops Superstar 66 Mark Jackon,
PS-1314,11265646,72357888,MNT 89,2071 Hoops Superstar 66 Mark Jackon,
PS-1315,11265646,72357888,MNT 90,2072 Hoops Superstar 66 Mark Jackon,
PS-1316,11265646,72357888,MNT 91,2073 Hoops Superstar 66 Mark Jackon,
PS-1317,11265646,72357888,MNT 92,2074 Hoops Superstar 66 Mark Jackon,
PS-1318,11265646,72357888,MNT 93,2075 Hoops Superstar 66 Mark Jackon,
PS-1319,11265646,72357888,MNT 94,2076 Hoops Superstar 66 Mark Jackon,
PS-1320,11265646,72357888,MNT 95,2077 Hoops Superstar 66 Mark Jackon,
PS-1321,11265646,72357888,MNT 96,2078 Hoops Superstar 66 Mark Jackon,
PS-1322,11265646,72357888,MNT 97,2079 Hoops Superstar 66 Mark Jackon,
PS-1323,11265646,72357888,MNT 98,2080 Hoops Superstar 66 Mark Jackon,
PS-1324,11265646,72357888,MNT 99,2081 Hoops Superstar 66 Mark Jackon,
PS-1325,11265646,72357888,MNT 100,2082 Hoops Superstar 66 Mark Jackon,
PS-1326,11265646,72357888,MNT 101,2083 Hoops Superstar 66 Mark Jackon,
PS-1327,11265646,72357888,MNT 102,2084 Hoops Superstar 66 Mark Jackon,
PS-1328,11265646,72357888,MNT 103,2085 Hoops Superstar 66 Mark Jackon,
PS-1329,11265646,72357888,MNT 104,2086 Hoops Superstar 66 Mark Jackon,
PS-1330,11265646,72357888,MNT 105,2087 Hoops Superstar 66 Mark Jackon,
PS-1331,11265646,72357888,MNT 106,2088 Hoops Superstar 66 Mark Jackon,
PS-1332,11265646,72357888,MNT 107,2089 Hoops Superstar 66 Mark Jackon,
PS-1333,11265646,72357888,MNT 108,2090 Hoops Superstar 66 Mark Jackon,
PS-1334,11265646,72357888,MNT 109,2091 Hoops Superstar 66 Mark Jackon,
PS-1335,11265646,72357888,MNT 110,2092 Hoops Superstar 66 Mark Jackon,
PS-1336,11265646,72357888,MNT 111,2093 Hoops Superstar 66 Mark Jackon,
PS-1337,11265646,72357888,MNT 112,2094 Hoops Superstar 66 Mark Jackon,
PS-1338,11265646,72357888,MNT 113,2095 Hoops Superstar 66 Mark Jackon,
PS-1339,11265646,72357888,MNT 114,2096 Hoops Superstar 66 Mark Jackon,
PS-1340,11265646,72357888,MNT 115,2097 Hoops Superstar 66 Mark Jackon,
PS-1341,11265646,72357888,MNT 116,2098 Hoops Superstar 66 Mark Jackon,
PS-1342,11265646,72357888,MNT 117,2099 Hoops Superstar 66 Mark Jackon,
PS-1343,11265646,72357888,MNT 118,2100 Hoops Superstar 66 Mark Jackon,
PS-1344,11265646,72357888,MNT 119,2101 Hoops Superstar 66 Mark Jackon,
PS-1345,11265646,72357888,MNT 120,2102 Hoops Superstar 66 Mark Jackon,
PS-1346,11265646,72357888,MNT 121,2103 Hoops Superstar 66 Mark Jackon,
PS-1347,11265646,72357888,MNT 122,2104 Hoops Superstar 66 Mark Jackon,
PS-1348,11265646,72357888,MNT 123,2105 Hoops Superstar 66 Mark Jackon,
PS-1349,11265646,72357888,MNT 124,2106 Hoops Superstar 66 Mark Jackon,
PS-1350,11265646,72357888,MNT 125,2107 Hoops Superstar 66 Mark Jackon,
PS-1351,11265646,72357888,MNT 126,2108 Hoops Superstar 66 Mark Jackon,
PS-1352,11265646,72357888,MNT 127,2109 Hoops Superstar 66 Mark Jackon,
PS-1353,11265646,72357888,MNT 128,2110 Hoops Superstar 66 Mark Jackon,
PS-1354,11265646,72357888,MNT 129,2111 Hoops Superstar 66 Mark Jackon,
PS-1355,11265646,72357888,MNT 130,2112 Hoops Superstar 66 Mark Jackon,
PS-1356,11265646,72357888,MNT 131,2113 Hoops Superstar 66 Mark Jackon,
PS-1357,11265646,72357888,MNT 132,2114 Hoops Superstar 66 Mark Jackon,
PS-1358,11265646,72357888,MNT 133,2115 Hoops Superstar 66 Mark Jackon,
PS-1359,11265646,72357888,MNT 134,2116 Hoops Superstar 66 Mark Jackon,
PS-1360,11265646,72357888,MNT 135,2117 Hoops Superstar 66 Mark Jackon,
PS-1361,11265646,72357888,MNT 136,2118 Hoops Superstar 66 Mark Jackon,
PS-1362,11265646,72357888,MNT 137,2119 Hoops Superstar 66 Mark Jackon,
PS-1363,11265646,72357888,MNT 138,2120 Hoops Superstar 66 Mark Jackon,
PS-1364,11265646,72357888,MNT 139,2121 Hoops Superstar 66 Mark Jackon,
PS-1365,11265646,72357888,MNT 140,2122 Hoops Superstar 66 Mark Jackon,
PS-1366,11265646,72357888,MNT 141,2123 Hoops Superstar 66 Mark Jackon,
PS-1367,11265646,72357888,MNT 142,2124 Hoops Superstar 66 Mark Jackon,
PS-1368,11265646,72357888,MNT 143,2125 Hoops Superstar 66 Mark Jackon,
PS-1369,11265646,72357888,MNT 144,2126 Hoops Superstar 66 Mark Jackon,
PS-1370,11265646,72357888,MNT 145,2127 Hoops Superstar 66 Mark Jackon,
PS-1371,11265646,72357888,MNT 146,2128 Hoops Superstar 66 Mark Jackon,
PS-1372,11265646,72357888,MNT 147,2129 Hoops Superstar 66 Mark Jackon,
PS-1373,11265646,72357888,MNT 148,2130 Hoops Superstar 66 Mark Jackon,
PS-1374,11265646,72357888,MNT 149,2131 Hoops Superstar 66 Mark Jackon,
PS-1375,11265646,72357888,MNT 150,2132 Hoops Superstar 66 Mark Jackon,
PS-1376,11265646,72357888,MNT 151,2133 Hoops Superstar 66 Mark Jackon,
PS-1377,11265646,72357888,MNT 152,2134 Hoops Superstar 66 Mark Jackon,
PS-1378,11265646,72357888,MNT 153,2135 Hoops Superstar 66 Mark Jackon,
PS-1379,11265646,72357888,MNT 154,2136 Hoops Superstar 66 Mark Jackon,
PS-1380,11265646,72357888,MNT 155,2137 Hoops Superstar 66 Mark Jackon,
PS-1381,11265646,72357888,MNT 156,2138 Hoops Superstar 66 Mark Jackon,
PS-1382,11265646,72357888,MNT 157,2139 Hoops Superstar 66 Mark Jackon,
PS-1383,11265646,72357888,MNT 158,2140 Hoops Superstar 66 Mark Jackon,
PS-1384,11265646,72357888,MNT 159,2141 Hoops Superstar 66 Mark Jackon,
PS-1385,11265646,72357888,MNT 160,2142 Hoops Superstar 66 Mark Jackon,
PS-1386,11265646,72357888,MNT 161,2143 Hoops Superstar 66 Mark Jackon,
PS-1387,11265646,72357888,MNT 162,2144 Hoops Superstar 66 Mark Jackon,
PS-1388,11265646,72357888,MNT 163,2145 Hoops Superstar 66 Mark Jackon,
PS-1389,11265646,72357888,MNT 164,2146 Hoops Superstar 66 Mark Jackon,
PS-1390,11265646,72357888,MNT 165,2147 Hoops Superstar 66 Mark Jackon,
PS-1391,11265646,72357888,MNT 166,2148 Hoops Superstar 66 Mark Jackon,
PS-1392,11265646,72357888,MNT 167,2149 Hoops Superstar 66 Mark Jackon,
PS-1393,11265646,72357888,MNT 168,2150 Hoops Superstar 66 Mark Jackon,
PS-1394,11265646,72357888,MNT 169,2151 Hoops Superstar 66 Mark Jackon,
PS-1395,11265646,72357888,MNT 170,2152 Hoops Superstar 66 Mark Jackon,
PS-1396,11265646,72357888,MNT 171,2153 Hoops Superstar 66 Mark Jackon,
PS-1397,11265646,72357888,MNT 172,2154 Hoops Superstar 66 Mark Jackon,
PS-1398,11265646,72357888,MNT 173,2155 Hoops Superstar 66 Mark Jackon,
PS-1399,11265646,72357888,MNT 174,2156 Hoops Superstar 66 Mark Jackon,
PS-1400,11265646,72357888,MNT 175,2157 Hoops Superstar 66 Mark Jackon,
PS-1401,11265646,72357888,MNT 176,2158 Hoops Superstar 66 Mark Jackon,
PS-1402,11265646,72357888,MNT 177,2159 Hoops Superstar 66 Mark Jackon,
PS-1403,11265646,72357888,MNT 178,2160 Hoops Superstar 66 Mark Jackon,
PS-1404,11265646,72357888,MNT 179,2161 Hoops Superstar 66 Mark Jackon,
PS-1405,11265646,72357888,MNT 180,2162 Hoops Superstar 66 Mark Jackon,
PS-1406,11265646,72357888,MNT 181,2163 Hoops Superstar 66 Mark Jackon,
PS-1407,11265646,72357888,MNT 182,2164 Hoops Superstar 66 Mark Jackon,
PS-1408,11265646,72357888,MNT 183,2165 Hoops Superstar 66 Mark Jackon,
PS-1409,11265646,72357888,MNT 184,2166 Hoops Superstar 66 Mark Jackon,
PS-1410,11265646,72357888,MNT 185,2167 Hoops Superstar 66 Mark Jackon,
PS-1411,11265646,72357888,MNT 186,2168 Hoops Superstar 66 Mark Jackon,
PS-1412,11265646,72357888,MNT 187,2169 Hoops Superstar 66 Mark Jackon,
PS-1413,11265646,72357888,MNT 188,2170 Hoops Superstar 66 Mark Jackon,
PS-1414,11265646,72357888,MNT 189,2171 Hoops Superstar 66 Mark Jackon,
PS-1415,11265646,72357888,MNT 190,2172 Hoops Superstar 66 Mark Jackon,
PS-1416,11265646,72357888,MNT 191,2173 Hoops Superstar 66 Mark Jackon,
PS-1417,11265646,72357888,MNT 192,2174 Hoops Superstar 66 Mark Jackon,
PS-1418,11265646,72357888,MNT 193,2175 Hoops Superstar 66 Mark Jackon,
PS-1419,11265646,72357888,MNT 194,2176 Hoops Superstar 66 Mark Jackon,
PS-1420,11265646,72357888,MNT 195,2177 Hoops Superstar 66 Mark Jackon,
PS-1421,11265646,72357888,MNT 196,2178 Hoops Superstar 66 Mark Jackon,
PS-1422,11265646,72357888,MNT 197,2179 Hoops Superstar 66 Mark Jackon,
PS-1423,11265646,72357888,MNT 198,2180 Hoops Superstar 66 Mark Jackon,
PS-1424,11265646,72357888,MNT 199,2181 Hoops Superstar 66 Mark Jackon,
PS-1425,11265646,72357888,MNT 200,2182 Hoops Superstar 66 Mark Jackon,
PS-1426,11265646,72357888,MNT 201,2183 Hoops Superstar 66 Mark Jackon,
PS-1427,11265646,72357888,MNT 202,2184 Hoops Superstar 66 Mark Jackon,
PS-1428,11265646,72357888,MNT 203,2185 Hoops Superstar 66 Mark Jackon,
PS-1429,11265646,72357888,MNT 204,2186 Hoops Superstar 66 Mark Jackon,
PS-1430,11265646,72357888,MNT 205,2187 Hoops Superstar 66 Mark Jackon,
PS-1431,11265646,72357888,MNT 206,2188 Hoops Superstar 66 Mark Jackon,
PS-1432,11265646,72357888,MNT 207,2189 Hoops Superstar 66 Mark Jackon,
PS-1433,11265646,72357888,MNT 208,2190 Hoops Superstar 66 Mark Jackon,
PS-1434,11265646,72357888,MNT 209,2191 Hoops Superstar 66 Mark Jackon,
PS-1435,11265646,72357888,MNT 210,2192 Hoops Superstar 66 Mark Jackon,
PS-1436,11265646,72357888,MNT 211,2193 Hoops Superstar 66 Mark Jackon,
PS-1437,11265646,72357888,MNT 212,2194 Hoops Superstar 66 Mark Jackon,
PS-1438,11265646,72357888,MNT 213,2195 Hoops Superstar 66 Mark Jackon,
PS-1439,11265646,72357888,MNT 214,2196 Hoops Superstar 66 Mark Jackon,
PS-1440,11265646,72357888,MNT 215,2197 Hoops Superstar 66 Mark Jackon,
PS-1441,11265646,72357888,MNT 216,2198 Hoops Superstar 66 Mark Jackon,
PS-1442,11265646,72357888,MNT 217,2199 Hoops Superstar 66 Mark Jackon,
PS-1443,11265646,72357888,MNT 218,2200 Hoops Superstar 66 Mark Jackon,
PS-1444,11265646,72357888,MNT 219,2201 Hoops Superstar 66 Mark Jackon,
PS-1445,11265646,72357888,MNT 220,2202 Hoops Superstar 66 Mark Jackon,
PS-1446,11265646,72357888,MNT 221,2203 Hoops Superstar 66 Mark Jackon,
PS-1447,11265646,72357888,MNT 222,2204 Hoops Superstar 66 Mark Jackon,
PS-1448,11265646,72357888,MNT 223,2205 Hoops Superstar 66 Mark Jackon,
PS-1449,11265646,72357888,MNT 224,2206 Hoops Superstar 66 Mark Jackon,
PS-1450,11265646,72357888,MNT 225,2207 Hoops Superstar 66 Mark Jackon,
PS-1451,11265646,72357888,MNT 226,2208 Hoops Superstar 66 Mark Jackon,
PS-1452,11265646,72357888,MNT 227,2209 Hoops Superstar 66 Mark Jackon,
PS-1453,11265646,72357888,MNT 228,2210 Hoops Superstar 66 Mark Jackon,
PS-1454,11265646,72357888,MNT 229,2211 Hoops Superstar 66 Mark Jackon,
PS-1455,11265646,72357888,MNT 230,2212 Hoops Superstar 66 Mark Jackon,
PS-1456,11265646,72357888,MNT 231,2213 Hoops Superstar 66 Mark Jackon,
PS-1457,11265646,72357888,MNT 232,2214 Hoops Superstar 66 Mark Jackon,
PS-1458,11265646,72357888,MNT 233,2215 Hoops Superstar 66 Mark Jackon,
PS-1459,11265646,72357888,MNT 234,2216 Hoops Superstar 66 Mark Jackon,
PS-1460,11265646,72357888,MNT 235,2217 Hoops Superstar 66 Mark Jackon,
PS-1461,11265646,72357888,MNT 236,2218 Hoops Superstar 66 Mark Jackon,
PS-1462,11265646,72357888,MNT 237,2219 Hoops Superstar 66 Mark Jackon,
PS-1463,11265646,72357888,MNT 238,2220 Hoops Superstar 66 Mark Jackon,
PS-1464,11265646,72357888,MNT 239,2221 Hoops Superstar 66 Mark Jackon,
PS-1465,11265646,72357888,MNT 240,2222 Hoops Superstar 66 Mark Jackon,
PS-1466,11265646,72357888,MNT 241,2223 Hoops Superstar 66 Mark Jackon,
PS-1467,11265646,72357888,MNT 242,2224 Hoops Superstar 66 Mark Jackon,
PS-1468,11265646,72357888,MNT 243,2225 Hoops Superstar 66 Mark Jackon,
PS-1469,11265646,72357888,MNT 244,2226 Hoops Superstar 66 Mark Jackon,
PS-1470,11265646,72357888,MNT 245,2227 Hoops Superstar 66 Mark Jackon,
PS-1471,11265646,72357888,MNT 246,2228 Hoops Superstar 66 Mark Jackon,
PS-1472,11265646,72357888,MNT 247,2229 Hoops Superstar 66 Mark Jackon,
PS-1473,11265646,72357888,MNT 248,2230 Hoops Superstar 66 Mark Jackon,
PS-1474,11265646,72357888,MNT 249,2231 Hoops Superstar 66 Mark Jackon,
PS-1475,11265646,72357888,MNT 250,2232 Hoops Superstar 66 Mark Jackon,
PS-1476,11265646,72357888,MNT 251,2233 Hoops Superstar 66 Mark Jackon,
PS-1477,11265646,72357888,MNT 252,2234 Hoops Superstar 66 Mark Jackon,
PS-1478,11265646,72357888,MNT 253,2235 Hoops Superstar 66 Mark Jackon,
PS-1479,11265646,72357888,MNT 254,2236 Hoops Superstar 66 Mark Jackon,
PS-1480,11265646,72357888,MNT 255,2237 Hoops Superstar 66 Mark Jackon,
PS-1481,11265646,72357888,MNT 256,2238 Hoops Superstar 66 Mark Jackon,
PS-1482,11265646,72357888,MNT 257,2239 Hoops Superstar 66 Mark Jackon,
PS-1483,11265646,72357888,MNT 258,2240 Hoops Superstar 66 Mark Jackon,
PS-1484,11265646,72357888,MNT 259,2241 Hoops Superstar 66 Mark Jackon,
PS-1485,11265646,72357888,MNT 260,2242 Hoops Superstar 66 Mark Jackon,
PS-1486,11265646,72357888,MNT 261,2243 Hoops Superstar 66 Mark Jackon,
PS-1487,11265646,72357888,MNT 262,2244 Hoops Superstar 66 Mark Jackon,
PS-1488,11265646,72357888,MNT 263,2245 Hoops Superstar 66 Mark Jackon,
PS-1489,11265646,72357888,MNT 264,2246 Hoops Superstar 66 Mark Jackon,
PS-1490,11265646,72357888,MNT 265,2247 Hoops Superstar 66 Mark Jackon,
PS-1491,11265646,72357888,MNT 266,2248 Hoops Superstar 66 Mark Jackon,
PS-1492,11265646,72357888,MNT 267,2249 Hoops Superstar 66 Mark Jackon,
PS-1493,11265646,72357888,MNT 268,2250 Hoops Superstar 66 Mark Jackon,
PS-1494,11265646,72357888,MNT 269,2251 Hoops Superstar 66 Mark Jackon,
PS-1495,11265646,72357888,MNT 270,2252 Hoops Superstar 66 Mark Jackon,
PS-1496,11265646,72357888,MNT 271,2253 Hoops Superstar 66 Mark Jackon,
PS-1497,11265646,72357888,MNT 272,2254 Hoops Superstar 66 Mark Jackon,
PS-1498,11265646,72357888,MNT 273,2255 Hoops Superstar 66 Mark Jackon,
PS-1499,11265646,72357888,MNT 274,2256 Hoops Superstar 66 Mark Jackon,
PS-1500,11265646,72357888,MNT 275,2257 Hoops Superstar 66 Mark Jackon,
PS-1501,11265646,72357888,MNT 276,2258 Hoops Superstar 66 Mark Jackon,
PS-1502,11265646,72357888,MNT 277,2259 Hoops Superstar 66 Mark Jackon,
PS-1503,11265646,72357888,MNT 278,2260 Hoops Superstar 66 Mark Jackon,
PS-1504,11265646,72357888,MNT 279,2261 Hoops Superstar 66 Mark Jackon,
PS-1505,11265646,72357888,MNT 280,2262 Hoops Superstar 66 Mark Jackon,
PS-1506,11265646,72357888,MNT 281,2263 Hoops Superstar 66 Mark Jackon,
PS-1507,11265646,72357888,MNT 282,2264 Hoops Superstar 66 Mark Jackon,
PS-1508,11265646,72357888,MNT 283,2265 Hoops Superstar 66 Mark Jackon,
PS-1509,11265646,72357888,MNT 284,2266 Hoops Superstar 66 Mark Jackon,
PS-1510,11265646,72357888,MNT 285,2267 Hoops Superstar 66 Mark Jackon,
PS-1511,11265646,72357888,MNT 286,2268 Hoops Superstar 66 Mark Jackon,
PS-1512,11265646,72357888,MNT 287,2269 Hoops Superstar 66 Mark Jackon,
PS-1513,11265646,72357888,MNT 288,2270 Hoops Superstar 66 Mark Jackon,
PS-1514,11265646,72357888,MNT 289,2271 Hoops Superstar 66 Mark Jackon,
PS-1515,11265646,72357888,MNT 290,2272 Hoops Superstar 66 Mark Jackon,
PS-1516,11265646,72357888,MNT 291,2273 Hoops Superstar 66 Mark Jackon,
PS-1517,11265646,72357888,MNT 292,2274 Hoops Superstar 66 Mark Jackon,
PS-1518,11265646,72357888,MNT 293,2275 Hoops Superstar 66 Mark Jackon,
PS-1519,11265646,72357888,MNT 294,2276 Hoops Superstar 66 Mark Jackon,
PS-1520,11265646,72357888,MNT 295,2277 Hoops Superstar 66 Mark Jackon,
PS-1521,11265646,72357888,MNT 296,2278 Hoops Superstar 66 Mark Jackon,
PS-1522,11265646,72357888,MNT 297,2279 Hoops Superstar 66 Mark Jackon,
PS-1523,11265646,72357888,MNT 298,2280 Hoops Superstar 66 Mark Jackon,
PS-1524,11265646,72357888,MNT 299,2281 Hoops Superstar 66 Mark Jackon,
PS-1525,11265646,72357888,MNT 300,2282 Hoops Superstar 66 Mark Jackon,
PS-1526,11265646,72357888,MNT 301,2283 Hoops Superstar 66 Mark Jackon,
PS-1527,11265646,72357888,MNT 302,2284 Hoops Superstar 66 Mark Jackon,
PS-1528,11265646,72357888,MNT 303,2285 Hoops Superstar 66 Mark Jackon,
PS-1529,11265646,72357888,MNT 304,2286 Hoops Superstar 66 Mark Jackon,
PS-1530,11265646,72357888,MNT 305,2287 Hoops Superstar 66 Mark Jackon,
PS-1531,11265646,72357888,MNT 306,2288 Hoops Superstar 66 Mark Jackon,
PS-1532,11265646,72357888,MNT 307,2289 Hoops Superstar 66 Mark Jackon,
PS-1533,11265646,72357888,MNT 308,2290 Hoops Superstar 66 Mark Jackon,
PS-1534,11265646,72357888,MNT 309,2291 Hoops Superstar 66 Mark Jackon,
PS-1535,11265646,72357888,MNT 310,2292 Hoops Superstar 66 Mark Jackon,
PS-1536,11265646,72357888,MNT 311,2293 Hoops Superstar 66 Mark Jackon,
PS-1537,11265646,72357888,MNT 312,2294 Hoops Superstar 66 Mark Jackon,
PS-1538,11265646,72357888,MNT 313,2295 Hoops Superstar 66 Mark Jackon,
PS-1539,11265646,72357888,MNT 314,2296 Hoops Superstar 66 Mark Jackon,
PS-1540,11265646,72357888,MNT 315,2297 Hoops Superstar 66 Mark Jackon,
PS-1541,11265646,72357888,MNT 316,2298 Hoops Superstar 66 Mark Jackon,
PS-1542,11265646,72357888,MNT 317,2299 Hoops Superstar 66 Mark Jackon,
PS-1543,11265646,72357888,MNT 318,2300 Hoops Superstar 66 Mark Jackon,
PS-1544,11265646,72357888,MNT 319,2301 Hoops Superstar 66 Mark Jackon,
PS-1545,11265646,72357888,MNT 320,2302 Hoops Superstar 66 Mark Jackon,
PS-1546,11265646,72357888,MNT 321,2303 Hoops Superstar 66 Mark Jackon,
PS-1547,11265646,72357888,MNT 322,2304 Hoops Superstar 66 Mark Jackon,
PS-1548,11265646,72357888,MNT 323,2305 Hoops Superstar 66 Mark Jackon,
PS-1549,11265646,72357888,MNT 324,2306 Hoops Superstar 66 Mark Jackon,
PS-1550,11265646,72357888,MNT 325,2307 Hoops Superstar 66 Mark Jackon,
PS-1551,11265646,72357888,MNT 326,2308 Hoops Superstar 66 Mark Jackon,
PS-1552,11265646,72357888,MNT 327,2309 Hoops Superstar 66 Mark Jackon,
PS-1553,11265646,72357888,MNT 328,2310 Hoops Superstar 66 Mark Jackon,
PS-1554,11265646,72357888,MNT 329,2311 Hoops Superstar 66 Mark Jackon,
PS-1555,11265646,72357888,MNT 330,2312 Hoops Superstar 66 Mark Jackon,
PS-1556,11265646,72357888,MNT 331,2313 Hoops Superstar 66 Mark Jackon,
PS-1557,11265646,72357888,MNT 332,2314 Hoops Superstar 66 Mark Jackon,
PS-1558,11265646,72357888,MNT 333,2315 Hoops Superstar 66 Mark Jackon,
PS-1559,11265646,72357888,MNT 334,2316 Hoops Superstar 66 Mark Jackon,
PS-1560,11265646,72357888,MNT 335,2317 Hoops Superstar 66 Mark Jackon,
PS-1561,11265646,72357888,MNT 336,2318 Hoops Superstar 66 Mark Jackon,
PS-1562,11265646,72357888,MNT 337,2319 Hoops Superstar 66 Mark Jackon,
PS-1563,11265646,72357888,MNT 338,2320 Hoops Superstar 66 Mark Jackon,
PS-1564,11265646,72357888,MNT 339,2321 Hoops Superstar 66 Mark Jackon,
PS-1565,11265646,72357888,MNT 340,2322 Hoops Superstar 66 Mark Jackon,
PS-1566,11265646,72357888,MNT 341,2323 Hoops Superstar 66 Mark Jackon,
PS-1567,11265646,72357888,MNT 342,2324 Hoops Superstar 66 Mark Jackon,
PS-1568,11265646,72357888,MNT 343,2325 Hoops Superstar 66 Mark Jackon,
PS-1569,11265646,72357888,MNT 344,2326 Hoops Superstar 66 Mark Jackon,
PS-1570,11265646,72357888,MNT 345,2327 Hoops Superstar 66 Mark Jackon,
PS-1571,11265646,72357888,MNT 346,2328 Hoops Superstar 66 Mark Jackon,
PS-1572,11265646,72357888,MNT 347,2329 Hoops Superstar 66 Mark Jackon,
PS-1573,11265646,72357888,MNT 348,2330 Hoops Superstar 66 Mark Jackon,
PS-1574,11265646,72357888,MNT 349,2331 Hoops Superstar 66 Mark Jackon,
PS-1575,11265646,72357888,MNT 350,2332 Hoops Superstar 66 Mark Jackon,
PS-1576,11265646,72357888,MNT 351,2333 Hoops Superstar 66 Mark Jackon,
PS-1577,11265646,72357888,MNT 352,2334 Hoops Superstar 66 Mark Jackon,
PS-1578,11265646,72357888,MNT 353,2335 Hoops Superstar 66 Mark Jackon,
PS-1579,11265646,72357888,MNT 354,2336 Hoops Superstar 66 Mark Jackon,
PS-1580,11265646,72357888,MNT 355,2337 Hoops Superstar 66 Mark Jackon,
PS-1581,11265646,72357888,MNT 356,2338 Hoops Superstar 66 Mark Jackon,
PS-1582,11265646,72357888,MNT 357,2339 Hoops Superstar 66 Mark Jackon,
PS-1583,11265646,72357888,MNT 358,2340 Hoops Superstar 66 Mark Jackon,
PS-1584,11265646,72357888,MNT 359,2341 Hoops Superstar 66 Mark Jackon,
PS-1585,11265646,72357888,MNT 360,2342 Hoops Superstar 66 Mark Jackon,
PS-1586,11265646,72357888,MNT 361,2343 Hoops Superstar 66 Mark Jackon,
PS-1587,11265646,72357888,MNT 362,2344 Hoops Superstar 66 Mark Jackon,
PS-1588,11265646,72357888,MNT 363,2345 Hoops Superstar 66 Mark Jackon,
PS-1589,11265646,72357888,MNT 364,2346 Hoops Superstar 66 Mark Jackon,
PS-1590,11265646,72357888,MNT 365,2347 Hoops Superstar 66 Mark Jackon,
PS-1591,11265646,72357888,MNT 366,2348 Hoops Superstar 66 Mark Jackon,
PS-1592,11265646,72357888,MNT 367,2349 Hoops Superstar 66 Mark Jackon,
PS-1593,11265646,72357888,MNT 368,2350 Hoops Superstar 66 Mark Jackon,
PS-1594,11265646,72357888,MNT 369,2351 Hoops Superstar 66 Mark Jackon,
PS-1595,11265646,72357888,MNT 370,2352 Hoops Superstar 66 Mark Jackon,
PS-1596,11265646,72357888,MNT 371,2353 Hoops Superstar 66 Mark Jackon,
PS-1597,11265646,72357888,MNT 372,2354 Hoops Superstar 66 Mark Jackon,
PS-1598,11265646,72357888,MNT 373,2355 Hoops Superstar 66 Mark Jackon,
PS-1599,11265646,72357888,MNT 374,2356 Hoops Superstar 66 Mark Jackon,
PS-1600,11265646,72357888,MNT 375,2357 Hoops Superstar 66 Mark Jackon,
PS-1601,11265646,72357888,MNT 376,2358 Hoops Superstar 66 Mark Jackon,
PS-1602,11265646,72357888,MNT 377,2359 Hoops Superstar 66 Mark Jackon,
PS-1603,11265646,72357888,MNT 378,2360 Hoops Superstar 66 Mark Jackon,
PS-1604,11265646,72357888,MNT 379,2361 Hoops Superstar 66 Mark Jackon,
PS-1605,11265646,72357888,MNT 380,2362 Hoops Superstar 66 Mark Jackon,
PS-1606,11265646,72357888,MNT 381,2363 Hoops Superstar 66 Mark Jackon,
PS-1607,11265646,72357888,MNT 382,2364 Hoops Superstar 66 Mark Jackon,
PS-1608,11265646,72357888,MNT 383,2365 Hoops Superstar 66 Mark Jackon,
PS-1609,11265646,72357888,MNT 384,2366 Hoops Superstar 66 Mark Jackon,
PS-1610,11265646,72357888,MNT 385,2367 Hoops Superstar 66 Mark Jackon,
PS-1611,11265646,72357888,MNT 386,2368 Hoops Superstar 66 Mark Jackon,
PS-1612,11265646,72357888,MNT 387,2369 Hoops Superstar 66 Mark Jackon,
PS-1613,11265646,72357888,MNT 388,2370 Hoops Superstar 66 Mark Jackon,
PS-1614,11265646,72357888,MNT 389,2371 Hoops Superstar 66 Mark Jackon,
PS-1615,11265646,72357888,MNT 390,2372 Hoops Superstar 66 Mark Jackon,
PS-1616,11265646,72357888,MNT 391,2373 Hoops Superstar 66 Mark Jackon,
PS-1617,11265646,72357888,MNT 392,2374 Hoops Superstar 66 Mark Jackon,
PS-1618,11265646,72357888,MNT 393,2375 Hoops Superstar 66 Mark Jackon,
PS-1619,11265646,72357888,MNT 394,2376 Hoops Superstar 66 Mark Jackon,
PS-1620,11265646,72357888,MNT 395,2377 Hoops Superstar 66 Mark Jackon,
PS-1621,11265646,72357888,MNT 396,2378 Hoops Superstar 66 Mark Jackon,
PS-1622,11265646,72357888,MNT 397,2379 Hoops Superstar 66 Mark Jackon,
PS-1623,11265646,72357888,MNT 398,2380 Hoops Superstar 66 Mark Jackon,
PS-1624,11265646,72357888,MNT 399,2381 Hoops Superstar 66 Mark Jackon,
PS-1625,11265646,72357888,MNT 400,2382 Hoops Superstar 66 Mark Jackon,
PS-1626,11265646,72357888,MNT 401,2383 Hoops Superstar 66 Mark Jackon,
PS-1627,11265646,72357888,MNT 402,2384 Hoops Superstar 66 Mark Jackon,
PS-1628,11265646,72357888,MNT 403,2385 Hoops Superstar 66 Mark Jackon,
PS-1629,11265646,72357888,MNT 404,2386 Hoops Superstar 66 Mark Jackon,
PS-1630,11265646,72357888,MNT 405,2387 Hoops Superstar 66 Mark Jackon,
PS-1631,11265646,72357888,MNT 406,2388 Hoops Superstar 66 Mark Jackon,
PS-1632,11265646,72357888,MNT 407,2389 Hoops Superstar 66 Mark Jackon,
PS-1633,11265646,72357888,MNT 408,2390 Hoops Superstar 66 Mark Jackon,
PS-1634,11265646,72357888,MNT 409,2391 Hoops Superstar 66 Mark Jackon,
PS-1635,11265646,72357888,MNT 410,2392 Hoops Superstar 66 Mark Jackon,
PS-1636,11265646,72357888,MNT 411,2393 Hoops Superstar 66 Mark Jackon,
PS-1637,11265646,72357888,MNT 412,2394 Hoops Superstar 66 Mark Jackon,
PS-1638,11265646,72357888,MNT 413,2395 Hoops Superstar 66 Mark Jackon,
PS-1639,11265646,72357888,MNT 414,2396 Hoops Superstar 66 Mark Jackon,
PS-1640,11265646,72357888,MNT 415,2397 Hoops Superstar 66 Mark Jackon,
PS-1641,11265646,72357888,MNT 416,2398 Hoops Superstar 66 Mark Jackon,
PS-1642,11265646,72357888,MNT 417,2399 Hoops Superstar 66 Mark Jackon,
PS-1643,11265646,72357888,MNT 418,2400 Hoops Superstar 66 Mark Jackon,
PS-1644,11265646,72357888,MNT 419,2401 Hoops Superstar 66 Mark Jackon,
PS-1645,11265646,72357888,MNT 420,2402 Hoops Superstar 66 Mark Jackon,
PS-1646,11265646,72357888,MNT 421,2403 Hoops Superstar 66 Mark Jackon,
PS-1647,11265646,72357888,MNT 422,2404 Hoops Superstar 66 Mark Jackon,
PS-1648,11265646,72357888,MNT 423,2405 Hoops Superstar 66 Mark Jackon,
PS-1649,11265646,72357888,MNT 424,2406 Hoops Superstar 66 Mark Jackon,
PS-1650,11265646,72357888,MNT 425,2407 Hoops Superstar 66 Mark Jackon,
PS-1651,11265646,72357888,MNT 426,2408 Hoops Superstar 66 Mark Jackon,
PS-1652,11265646,72357888,MNT 427,2409 Hoops Superstar 66 Mark Jackon,
PS-1653,11265646,72357888,MNT 428,2410 Hoops Superstar 66 Mark Jackon,
PS-1654,11265646,72357888,MNT 429,2411 Hoops Superstar 66 Mark Jackon,
PS-1655,11265646,72357888,MNT 430,2412 Hoops Superstar 66 Mark Jackon,
PS-1656,11265646,72357888,MNT 431,2413 Hoops Superstar 66 Mark Jackon,
PS-1657,11265646,72357888,MNT 432,2414 Hoops Superstar 66 Mark Jackon,
PS-1658,11265646,72357888,MNT 433,2415 Hoops Superstar 66 Mark Jackon,
PS-1659,11265646,72357888,MNT 434,2416 Hoops Superstar 66 Mark Jackon,
PS-1660,11265646,72357888,MNT 435,2417 Hoops Superstar 66 Mark Jackon,
PS-1661,11265646,72357888,MNT 436,2418 Hoops Superstar 66 Mark Jackon,
PS-1662,11265646,72357888,MNT 437,2419 Hoops Superstar 66 Mark Jackon,
PS-1663,11265646,72357888,MNT 438,2420 Hoops Superstar 66 Mark Jackon,
PS-1664,11265646,72357888,MNT 439,2421 Hoops Superstar 66 Mark Jackon,
PS-1665,11265646,72357888,MNT 440,2422 Hoops Superstar 66 Mark Jackon,
PS-1666,11265646,72357888,MNT 441,2423 Hoops Superstar 66 Mark Jackon,
PS-1667,11265646,72357888,MNT 442,2424 Hoops Superstar 66 Mark Jackon,
PS-1668,11265646,72357888,MNT 443,2425 Hoops Superstar 66 Mark Jackon,
PS-1669,11265646,72357888,MNT 444,2426 Hoops Superstar 66 Mark Jackon,
PS-1670,11265646,72357888,MNT 445,2427 Hoops Superstar 66 Mark Jackon,
PS-1671,11265646,72357888,MNT 446,2428 Hoops Superstar 66 Mark Jackon,
PS-1672,11265646,72357888,MNT 447,2429 Hoops Superstar 66 Mark Jackon,
PS-1673,11265646,72357888,MNT 448,2430 Hoops Superstar 66 Mark Jackon,
PS-1674,11265646,72357888,MNT 449,2431 Hoops Superstar 66 Mark Jackon,
PS-1675,11265646,72357888,MNT 450,2432 Hoops Superstar 66 Mark Jackon,
PS-1676,11265646,72357888,MNT 451,2433 Hoops Superstar 66 Mark Jackon,
PS-1677,11265646,72357888,MNT 452,2434 Hoops Superstar 66 Mark Jackon,
PS-1678,11265646,72357888,MNT 453,2435 Hoops Superstar 66 Mark Jackon,
PS-1679,11265646,72357888,MNT 454,2436 Hoops Superstar 66 Mark Jackon,
PS-1680,11265646,72357888,MNT 455,2437 Hoops Superstar 66 Mark Jackon,
PS-1681,11265646,72357888,MNT 456,2438 Hoops Superstar 66 Mark Jackon,
PS-1682,11265646,72357888,MNT 457,2439 Hoops Superstar 66 Mark Jackon,
PS-1683,11265646,72357888,MNT 458,2440 Hoops Superstar 66 Mark Jackon,
PS-1684,11265646,72357888,MNT 459,2441 Hoops Superstar 66 Mark Jackon,
PS-1685,11265646,72357888,MNT 460,2442 Hoops Superstar 66 Mark Jackon,
PS-1686,11265646,72357888,MNT 461,2443 Hoops Superstar 66 Mark Jackon,
PS-1687,11265646,72357888,MNT 462,2444 Hoops Superstar 66 Mark Jackon,
PS-1688,11265646,72357888,MNT 463,2445 Hoops Superstar 66 Mark Jackon,
PS-1689,11265646,72357888,MNT 464,2446 Hoops Superstar 66 Mark Jackon,
PS-1690,11265646,72357888,MNT 465,2447 Hoops Superstar 66 Mark Jackon,
PS-1691,11265646,72357888,MNT 466,2448 Hoops Superstar 66 Mark Jackon,
PS-1692,11265646,72357888,MNT 467,2449 Hoops Superstar 66 Mark Jackon,
PS-1693,11265646,72357888,MNT 468,2450 Hoops Superstar 66 Mark Jackon,
PS-1694,11265646,72357888,MNT 469,2451 Hoops Superstar 66 Mark Jackon,
PS-1695,11265646,72357888,MNT 470,2452 Hoops Superstar 66 Mark Jackon,
PS-1696,11265646,72357888,MNT 471,2453 Hoops Superstar 66 Mark Jackon,
PS-1697,11265646,72357888,MNT 472,2454 Hoops Superstar 66 Mark Jackon,
PS-1698,11265646,72357888,MNT 473,2455 Hoops Superstar 66 Mark Jackon,
PS-1699,11265646,72357888,MNT 474,2456 Hoops Superstar 66 Mark Jackon,
PS-1700,11265646,72357888,MNT 475,2457 Hoops Superstar 66 Mark Jackon,
PS-1701,11265646,72357888,MNT 476,2458 Hoops Superstar 66 Mark Jackon,
PS-1702,11265646,72357888,MNT 477,2459 Hoops Superstar 66 Mark Jackon,
PS-1703,11265646,72357888,MNT 478,2460 Hoops Superstar 66 Mark Jackon,
PS-1704,11265646,72357888,MNT 479,2461 Hoops Superstar 66 Mark Jackon,
PS-1705,11265646,72357888,MNT 480,2462 Hoops Superstar 66 Mark Jackon,
PS-1706,11265646,72357888,MNT 481,2463 Hoops Superstar 66 Mark Jackon,
PS-1707,11265646,72357888,MNT 482,2464 Hoops Superstar 66 Mark Jackon,
PS-1708,11265646,72357888,MNT 483,2465 Hoops Superstar 66 Mark Jackon,
PS-1709,11265646,72357888,MNT 484,2466 Hoops Superstar 66 Mark Jackon,
PS-1710,11265646,72357888,MNT 485,2467 Hoops Superstar 66 Mark Jackon,
PS-1711,11265646,72357888,MNT 486,2468 Hoops Superstar 66 Mark Jackon,
PS-1712,11265646,72357888,MNT 487,2469 Hoops Superstar 66 Mark Jackon,
PS-1713,11265646,72357888,MNT 488,2470 Hoops Superstar 66 Mark Jackon,
PS-1714,11265646,72357888,MNT 489,2471 Hoops Superstar 66 Mark Jackon,
PS-1715,11265646,72357888,MNT 490,2472 Hoops Superstar 66 Mark Jackon,
PS-1716,11265646,72357888,MNT 491,2473 Hoops Superstar 66 Mark Jackon,
PS-1717,11265646,72357888,MNT 492,2474 Hoops Superstar 66 Mark Jackon,
PS-1718,11265646,72357888,MNT 493,2475 Hoops Superstar 66 Mark Jackon,
PS-1719,11265646,72357888,MNT 494,2476 Hoops Superstar 66 Mark Jackon,
PS-1720,11265646,72357888,MNT 495,2477 Hoops Superstar 66 Mark Jackon,
PS-1721,11265646,72357888,MNT 496,2478 Hoops Superstar 66 Mark Jackon,
PS-1722,11265646,72357888,MNT 497,2479 Hoops Superstar 66 Mark Jackon,
PS-1723,11265646,72357888,MNT 498,2480 Hoops Superstar 66 Mark Jackon,
PS-1724,11265646,72357888,MNT 499,2481 Hoops Superstar 66 Mark Jackon,
PS-1725,11265646,72357888,MNT 500,2482 Hoops Superstar 66 Mark Jackon,
PS-1726,11265646,72357888,MNT 501,2483 Hoops Superstar 66 Mark Jackon,
PS-1727,11265646,72357888,MNT 502,2484 Hoops Superstar 66 Mark Jackon,
PS-1728,11265646,72357888,MNT 503,2485 Hoops Superstar 66 Mark Jackon,
PS-1729,11265646,72357888,MNT 504,2486 Hoops Superstar 66 Mark Jackon,
PS-1730,11265646,72357888,MNT 505,2487 Hoops Superstar 66 Mark Jackon,
PS-1731,11265646,72357888,MNT 506,2488 Hoops Superstar 66 Mark Jackon,
PS-1732,11265646,72357888,MNT 507,2489 Hoops Superstar 66 Mark Jackon,
PS-1733,11265646,72357888,MNT 508,2490 Hoops Superstar 66 Mark Jackon,
PS-1734,11265646,72357888,MNT 509,2491 Hoops Superstar 66 Mark Jackon,
PS-1735,11265646,72357888,MNT 510,2492 Hoops Superstar 66 Mark Jackon,
PS-1736,11265646,72357888,MNT 511,2493 Hoops Superstar 66 Mark Jackon,
PS-1737,11265646,72357888,MNT 512,2494 Hoops Superstar 66 Mark Jackon,
PS-1738,11265646,72357888,MNT 513,2495 Hoops Superstar 66 Mark Jackon,
PS-1739,11265646,72357888,MNT 514,2496 Hoops Superstar 66 Mark Jackon,
PS-1740,11265646,72357888,MNT 515,2497 Hoops Superstar 66 Mark Jackon,
PS-1741,11265646,72357888,MNT 516,2498 Hoops Superstar 66 Mark Jackon,
PS-1742,11265646,72357888,MNT 517,2499 Hoops Superstar 66 Mark Jackon,
PS-1743,11265646,72357888,MNT 518,2500 Hoops Superstar 66 Mark Jackon,
PS-1744,11265646,72357888,MNT 519,2501 Hoops Superstar 66 Mark Jackon,
PS-1745,11265646,72357888,MNT 520,2502 Hoops Superstar 66 Mark Jackon,
PS-1746,11265646,72357888,MNT 521,2503 Hoops Superstar 66 Mark Jackon,
PS-1747,11265646,72357888,MNT 522,2504 Hoops Superstar 66 Mark Jackon,
PS-1748,11265646,72357888,MNT 523,2505 Hoops Superstar 66 Mark Jackon,
PS-1749,11265646,72357888,MNT 524,2506 Hoops Superstar 66 Mark Jackon,
PS-1750,11265646,72357888,MNT 525,2507 Hoops Superstar 66 Mark Jackon,
PS-1751,11265646,72357888,MNT 526,2508 Hoops Superstar 66 Mark Jackon,
PS-1752,11265646,72357888,MNT 527,2509 Hoops Superstar 66 Mark Jackon,
PS-1753,11265646,72357888,MNT 528,2510 Hoops Superstar 66 Mark Jackon,
PS-1754,11265646,72357888,MNT 529,2511 Hoops Superstar 66 Mark Jackon,
PS-1755,11265646,72357888,MNT 530,2512 Hoops Superstar 66 Mark Jackon,
PS-1756,11265646,72357888,MNT 531,2513 Hoops Superstar 66 Mark Jackon,
PS-1757,11265646,72357888,MNT 532,2514 Hoops Superstar 66 Mark Jackon,
PS-1758,11265646,72357888,MNT 533,2515 Hoops Superstar 66 Mark Jackon,
PS-1759,11265646,72357888,MNT 534,2516 Hoops Superstar 66 Mark Jackon,
PS-1760,11265646,72357888,MNT 535,2517 Hoops Superstar 66 Mark Jackon,
PS-1761,11265646,72357888,MNT 536,2518 Hoops Superstar 66 Mark Jackon,
PS-1762,11265646,72357888,MNT 537,2519 Hoops Superstar 66 Mark Jackon,
PS-1763,11265646,72357888,MNT 538,2520 Hoops Superstar 66 Mark Jackon,
PS-1764,11265646,72357888,MNT 539,2521 Hoops Superstar 66 Mark Jackon,
PS-1765,11265646,72357888,MNT 540,2522 Hoops Superstar 66 Mark Jackon,
PS-1766,11265646,72357888,MNT 541,2523 Hoops Superstar 66 Mark Jackon,
PS-1767,11265646,72357888,MNT 542,2524 Hoops Superstar 66 Mark Jackon,
PS-1768,11265646,72357888,MNT 543,2525 Hoops Superstar 66 Mark Jackon,
PS-1769,11265646,72357888,MNT 544,2526 Hoops Superstar 66 Mark Jackon,
PS-1770,11265646,72357888,MNT 545,2527 Hoops Superstar 66 Mark Jackon,
PS-1771,11265646,72357888,MNT 546,2528 Hoops Superstar 66 Mark Jackon,
PS-1772,11265646,72357888,MNT 547,2529 Hoops Superstar 66 Mark Jackon,
PS-1773,11265646,72357888,MNT 548,2530 Hoops Superstar 66 Mark Jackon,
PS-1774,11265646,72357888,MNT 549,2531 Hoops Superstar 66 Mark Jackon,
PS-1775,11265646,72357888,MNT 550,2532 Hoops Superstar 66 Mark Jackon,
PS-1776,11265646,72357888,MNT 551,2533 Hoops Superstar 66 Mark Jackon,
PS-1777,11265646,72357888,MNT 552,2534 Hoops Superstar 66 Mark Jackon,
PS-1778,11265646,72357888,MNT 553,2535 Hoops Superstar 66 Mark Jackon,
PS-1779,11265646,72357888,MNT 554,2536 Hoops Superstar 66 Mark Jackon,
PS-1780,11265646,72357888,MNT 555,2537 Hoops Superstar 66 Mark Jackon,
PS-1781,11265646,72357888,MNT 556,2538 Hoops Superstar 66 Mark Jackon,
PS-1782,11265646,72357888,MNT 557,2539 Hoops Superstar 66 Mark Jackon,
PS-1783,11265646,72357888,MNT 558,2540 Hoops Superstar 66 Mark Jackon,
PS-1784,11265646,72357888,MNT 559,2541 Hoops Superstar 66 Mark Jackon,
PS-1785,11265646,72357888,MNT 560,2542 Hoops Superstar 66 Mark Jackon,
PS-1786,11265646,72357888,MNT 561,2543 Hoops Superstar 66 Mark Jackon,
PS-1787,11265646,72357888,MNT 562,2544 Hoops Superstar 66 Mark Jackon,
PS-1788,11265646,72357888,MNT 563,2545 Hoops Superstar 66 Mark Jackon,
PS-1789,11265646,72357888,MNT 564,2546 Hoops Superstar 66 Mark Jackon,
PS-1790,11265646,72357888,MNT 565,2547 Hoops Superstar 66 Mark Jackon,
PS-1791,11265646,72357888,MNT 566,2548 Hoops Superstar 66 Mark Jackon,
PS-1792,11265646,72357888,MNT 567,2549 Hoops Superstar 66 Mark Jackon,
PS-1793,11265646,72357888,MNT 568,2550 Hoops Superstar 66 Mark Jackon,
PS-1794,11265646,72357888,MNT 569,2551 Hoops Superstar 66 Mark Jackon,
PS-1795,11265646,72357888,MNT 570,2552 Hoops Superstar 66 Mark Jackon,
PS-1796,11265646,72357888,MNT 571,2553 Hoops Superstar 66 Mark Jackon,
PS-1797,11265646,72357888,MNT 572,2554 Hoops Superstar 66 Mark Jackon,
PS-1798,11265646,72357888,MNT 573,2555 Hoops Superstar 66 Mark Jackon,
PS-1799,11265646,72357888,MNT 574,2556 Hoops Superstar 66 Mark Jackon,
PS-1800,11265646,72357888,MNT 575,2557 Hoops Superstar 66 Mark Jackon,
PS-1801,11265646,72357888,MNT 576,2558 Hoops Superstar 66 Mark Jackon,
PS-1802,11265646,72357888,MNT 577,2559 Hoops Superstar 66 Mark Jackon,
PS-1803,11265646,72357888,MNT 578,2560 Hoops Superstar 66 Mark Jackon,
PS-1804,11265646,72357888,MNT 579,2561 Hoops Superstar 66 Mark Jackon,
PS-1805,11265646,72357888,MNT 580,2562 Hoops Superstar 66 Mark Jackon,
PS-1806,11265646,72357888,MNT 581,2563 Hoops Superstar 66 Mark Jackon,
PS-1807,11265646,72357888,MNT 582,2564 Hoops Superstar 66 Mark Jackon,
PS-1808,11265646,72357888,MNT 583,2565 Hoops Superstar 66 Mark Jackon,
PS-1809,11265646,72357888,MNT 584,2566 Hoops Superstar 66 Mark Jackon,
PS-1810,11265646,72357888,MNT 585,2567 Hoops Superstar 66 Mark Jackon,
PS-1811,11265646,72357888,MNT 586,2568 Hoops Superstar 66 Mark Jackon,
PS-1812,11265646,72357888,MNT 587,2569 Hoops Superstar 66 Mark Jackon,
PS-1813,11265646,72357888,MNT 588,2570 Hoops Superstar 66 Mark Jackon,
PS-1814,11265646,72357888,MNT 589,2571 Hoops Superstar 66 Mark Jackon,
PS-1815,11265646,72357888,MNT 590,2572 Hoops Superstar 66 Mark Jackon,
PS-1816,11265646,72357888,MNT 591,2573 Hoops Superstar 66 Mark Jackon,
PS-1817,11265646,72357888,MNT 592,2574 Hoops Superstar 66 Mark Jackon,
PS-1818,11265646,72357888,MNT 593,2575 Hoops Superstar 66 Mark Jackon,
PS-1819,11265646,72357888,MNT 594,2576 Hoops Superstar 66 Mark Jackon,
PS-1820,11265646,72357888,MNT 595,2577 Hoops Superstar 66 Mark Jackon,
PS-1821,11265646,72357888,MNT 596,2578 Hoops Superstar 66 Mark Jackon,
PS-1822,11265646,72357888,MNT 597,2579 Hoops Superstar 66 Mark Jackon,
PS-1823,11265646,72357888,MNT 598,2580 Hoops Superstar 66 Mark Jackon,
PS-1824,11265646,72357888,MNT 599,2581 Hoops Superstar 66 Mark Jackon,
PS-1825,11265646,72357888,MNT 600,2582 Hoops Superstar 66 Mark Jackon,
PS-1826,11265646,72357888,MNT 601,2583 Hoops Superstar 66 Mark Jackon,
PS-1827,11265646,72357888,MNT 602,2584 Hoops Superstar 66 Mark Jackon,
PS-1828,11265646,72357888,MNT 603,2585 Hoops Superstar 66 Mark Jackon,
PS-1829,11265646,72357888,MNT 604,2586 Hoops Superstar 66 Mark Jackon,
PS-1830,11265646,72357888,MNT 605,2587 Hoops Superstar 66 Mark Jackon,
PS-1831,11265646,72357888,MNT 606,2588 Hoops Superstar 66 Mark Jackon,
PS-1832,11265646,72357888,MNT 607,2589 Hoops Superstar 66 Mark Jackon,
PS-1833,11265646,72357888,MNT 608,2590 Hoops Superstar 66 Mark Jackon,
PS-1834,11265646,72357888,MNT 609,2591 Hoops Superstar 66 Mark Jackon,
PS-1835,11265646,72357888,MNT 610,2592 Hoops Superstar 66 Mark Jackon,
PS-1836,11265646,72357888,MNT 611,2593 Hoops Superstar 66 Mark Jackon,
PS-1837,11265646,72357888,MNT 612,2594 Hoops Superstar 66 Mark Jackon,
PS-1838,11265646,72357888,MNT 613,2595 Hoops Superstar 66 Mark Jackon,
PS-1839,11265646,72357888,MNT 614,2596 Hoops Superstar 66 Mark Jackon,
PS-1840,11265646,72357888,MNT 615,2597 Hoops Superstar 66 Mark Jackon,
PS-1841,11265646,72357888,MNT 616,2598 Hoops Superstar 66 Mark Jackon,
PS-1842,11265646,72357888,MNT 617,2599 Hoops Superstar 66 Mark Jackon,
PS-1843,11265646,72357888,MNT 618,2600 Hoops Superstar 66 Mark Jackon,
PS-1844,11265646,72357888,MNT 619,2601 Hoops Superstar 66 Mark Jackon,
PS-1845,11265646,72357888,MNT 620,2602 Hoops Superstar 66 Mark Jackon,
PS-1846,11265646,72357888,MNT 621,2603 Hoops Superstar 66 Mark Jackon,
PS-1847,11265646,72357888,MNT 622,2604 Hoops Superstar 66 Mark Jackon,
PS-1848,11265646,72357888,MNT 623,2605 Hoops Superstar 66 Mark Jackon,
PS-1849,11265646,72357888,MNT 624,2606 Hoops Superstar 66 Mark Jackon,
PS-1850,11265646,72357888,MNT 625,2607 Hoops Superstar 66 Mark Jackon,
PS-1851,11265646,72357888,MNT 626,2608 Hoops Superstar 66 Mark Jackon,
PS-1852,11265646,72357888,MNT 627,2609 Hoops Superstar 66 Mark Jackon,